uid,visit_date,utm_source,utm_medium,utm_campaign,converted,cost_of_click
j3xms4,2022-06-17,facebook,email,summer_sale,True,0.46
knp3z4,2022-12-18,facebook,cpc,back_to_school,False,0.99
238n9m,2022-09-16,twitter,cpc,back_to_school,False,1.77
us2q12,2022-02-04,google,email,back_to_school,False,0.55
b5qfjr,2022-09-25,google,cpc,holiday_season,False,1.03
p772ey,2022-07-13,google,email,back_to_school,False,1.99
txnijd,2022-06-24,twitter,email,holiday_season,False,1.3
bod6dv,2022-07-15,facebook,email,holiday_season,False,1.19
snkpv8,2022-05-30,twitter,email,holiday_season,False,0.6
smxdij,2022-10-14,twitter,cpc,holiday_season,False,1.18
s2y1bt,2022-12-27,facebook,cpm,holiday_season,False,1.83
858y39,2022-01-10,google,email,summer_sale,False,0.48
8isp6g,2022-04-08,facebook,cpm,summer_sale,False,2.04
j8ml68,2022-08-19,facebook,cpm,summer_sale,False,0.64
8q6c3y,2022-09-23,twitter,email,back_to_school,False,1.61
buly36,2022-09-08,twitter,email,holiday_season,False,0.32
09st8o,2022-01-06,facebook,email,holiday_season,False,1.63
gg8xi6,2022-04-06,google,cpc,holiday_season,False,0.13
r4z753,2022-07-21,google,cpm,back_to_school,False,1.69
klnfny,2022-06-06,facebook,cpc,back_to_school,False,1.63
pico84,2022-06-06,google,cpc,back_to_school,False,1.69
mdjpc4,2022-10-23,twitter,email,summer_sale,False,0.3
7r09xf,2022-06-14,google,email,holiday_season,False,0.83
66fjn9,2022-05-23,twitter,email,holiday_season,False,0.85
7ni86d,2022-03-19,facebook,cpc,summer_sale,True,0.99
3tbidu,2022-08-11,google,cpm,summer_sale,False,0.54
1x7yf5,2022-01-09,twitter,cpc,back_to_school,False,1.57
2vqab2,2022-10-04,facebook,cpm,back_to_school,False,0.29
pf8cff,2022-09-27,facebook,email,holiday_season,False,1.49
c7emex,2022-04-29,twitter,cpm,holiday_season,False,2.01
t9e30x,2022-09-04,twitter,cpm,back_to_school,False,2.5
6irqw5,2022-07-17,twitter,email,back_to_school,False,1.07
ffz9qv,2022-10-31,twitter,cpc,back_to_school,True,0.3
sl02is,2022-05-02,facebook,email,back_to_school,False,0.68
6tqzsr,2022-06-26,twitter,cpm,summer_sale,False,0.61
8t4gmg,2022-07-29,facebook,cpc,holiday_season,False,1.68
rr3nxu,2022-11-30,google,email,back_to_school,False,2.19
wl5wbm,2022-05-23,google,cpc,back_to_school,False,0.88
ytioiw,2022-03-27,facebook,cpm,holiday_season,False,0.19
raghaf,2022-09-15,google,cpm,back_to_school,True,0.74
2tbilf,2022-10-26,google,cpc,summer_sale,True,2.28
0zxae9,2022-07-16,facebook,cpc,summer_sale,False,2.28
s6lbn3,2022-01-21,google,email,holiday_season,False,0.03
s6cs4q,2022-06-16,google,cpc,back_to_school,False,0.08
vsu421,2022-06-01,google,email,summer_sale,False,0.83
advl12,2022-09-17,google,cpm,holiday_season,False,0.32
24cmfz,2022-09-09,google,cpc,back_to_school,False,0.69
1xhxed,2022-08-31,google,cpc,holiday_season,False,1.48
x958a5,2022-08-09,google,cpm,summer_sale,False,0.29
xn5cxb,2022-10-05,google,cpc,holiday_season,False,0.48
i68tr1,2022-01-22,twitter,cpc,summer_sale,False,2.3
t0z5jh,2022-11-04,twitter,cpc,back_to_school,False,0.64
kcgxte,2022-03-24,facebook,cpc,holiday_season,False,0.87
hbs6h7,2022-08-19,google,cpm,holiday_season,False,1.11
r7o83o,2022-10-24,facebook,email,back_to_school,True,0.72
076e9c,2022-04-05,facebook,cpm,holiday_season,False,0.44
7iqek7,2022-01-28,facebook,cpc,back_to_school,False,2.32
wiwbih,2022-02-09,facebook,cpc,summer_sale,False,0.64
d4qze9,2022-01-13,google,email,back_to_school,False,1.9
n8941v,2022-08-02,google,cpm,back_to_school,True,2.24
as0q93,2022-07-19,twitter,cpc,back_to_school,False,0.44
5liwvx,2022-05-20,twitter,cpc,back_to_school,False,0.62
ypmz88,2022-08-22,google,email,holiday_season,False,1.65
ylvzk9,2022-05-15,facebook,email,summer_sale,False,0.51
q4ejq6,2022-02-28,facebook,email,holiday_season,True,2.44
nuy72a,2022-09-16,facebook,cpm,holiday_season,True,1.18
rkkart,2022-12-28,twitter,cpm,holiday_season,False,2.24
7xjhsr,2022-02-22,google,cpc,back_to_school,False,0.19
ds4e68,2022-07-18,twitter,cpm,summer_sale,False,1.77
639tj4,2022-06-18,facebook,cpm,back_to_school,False,1.34
ujqmf9,2022-01-20,facebook,cpm,holiday_season,False,1.27
jm8vz0,2022-10-27,google,cpc,summer_sale,False,0.68
o1tdpf,2022-03-24,google,cpm,holiday_season,False,2.18
4cjdgd,2022-07-06,twitter,cpc,back_to_school,False,1.95
2vr0ox,2022-08-17,google,cpc,back_to_school,False,1.07
rvrrge,2022-01-13,facebook,cpc,holiday_season,False,1.51
l9yn3z,2022-03-24,twitter,cpm,back_to_school,False,0.09
w9x976,2022-08-01,twitter,email,summer_sale,False,0.52
1z8y7e,2022-08-02,google,cpc,summer_sale,False,0.88
1hygds,2022-06-18,facebook,cpm,holiday_season,False,0.53
c2uoep,2022-04-04,facebook,cpc,summer_sale,False,2.44
3fpuj9,2022-11-13,google,cpm,holiday_season,False,1.91
msv9zu,2022-11-24,twitter,cpm,back_to_school,False,1.94
wlxjdd,2022-10-31,google,cpc,summer_sale,False,1.77
gqfytd,2022-09-16,twitter,cpm,summer_sale,False,0.26
3uvrzl,2022-08-26,google,cpm,back_to_school,False,1.6
ohybn0,2022-12-29,google,email,summer_sale,False,0.77
izg0df,2022-05-01,facebook,cpc,back_to_school,False,2.03
h8mza7,2022-12-16,google,cpc,back_to_school,False,1.89
fdktj1,2022-07-29,facebook,cpc,summer_sale,False,0.33
snypnx,2022-12-18,google,cpc,back_to_school,True,1.04
x9hubk,2022-04-22,google,cpm,summer_sale,False,1.13
570po0,2022-11-17,facebook,email,holiday_season,True,1.48
x6g2mb,2022-05-06,twitter,email,back_to_school,False,0.42
x9cfpk,2022-03-17,google,cpc,back_to_school,False,1.49
jcf6qy,2022-07-30,facebook,cpc,summer_sale,False,2.04
kp1vs3,2022-07-09,google,email,holiday_season,False,1.49
08wpsh,2022-08-22,google,cpm,holiday_season,False,0.64
wsbsxk,2022-07-07,twitter,cpc,back_to_school,False,2.45
93jmiy,2022-01-03,twitter,cpm,back_to_school,False,0.49
we8ulx,2022-05-20,google,cpc,back_to_school,True,1.49
yk9hts,2022-09-06,twitter,cpc,summer_sale,False,0.41
g6ans4,2022-12-30,google,cpc,holiday_season,False,2.43
gnkx0q,2022-07-23,google,cpm,holiday_season,False,0.48
5umrc2,2022-04-28,google,cpm,summer_sale,False,0.29
0gx52x,2022-06-09,twitter,cpc,summer_sale,False,0.26
g0i96c,2022-11-27,twitter,email,back_to_school,False,2.26
geqmea,2022-09-20,google,cpm,holiday_season,True,1.15
u7rh99,2022-02-12,facebook,cpm,holiday_season,False,1.08
x3ktsc,2022-11-10,facebook,cpc,holiday_season,False,2.45
nweppv,2022-02-06,facebook,cpm,holiday_season,False,0.67
khmv31,2022-12-02,google,email,back_to_school,False,2.18
typb7j,2022-05-01,google,cpc,back_to_school,False,0.67
zhf037,2022-05-09,twitter,email,holiday_season,False,1.64
ogoss9,2022-07-12,facebook,cpm,holiday_season,False,1.9
fslfb9,2022-11-12,facebook,cpm,holiday_season,False,2.28
bkznpx,2022-07-09,google,cpc,back_to_school,False,2.26
e9fhwk,2022-09-15,twitter,cpc,back_to_school,False,0.42
zjipmz,2022-10-15,facebook,email,summer_sale,False,0.27
64tw91,2022-04-28,google,cpm,summer_sale,False,0.08
159leh,2022-01-27,twitter,cpc,back_to_school,False,0.67
u0yld4,2022-08-21,facebook,cpm,back_to_school,True,0.65
tf1xtc,2022-12-05,google,cpm,summer_sale,False,0.8
myy74o,2022-07-21,google,email,holiday_season,False,1.89
i3dv2s,2022-09-07,google,email,summer_sale,False,1.3
k2c11y,2022-08-23,google,cpm,back_to_school,False,0.9
vvhl5f,2022-07-25,google,cpm,summer_sale,False,0.04
zwnpe6,2022-12-12,twitter,cpc,holiday_season,False,1.49
38j0rs,2022-12-26,google,cpc,summer_sale,False,0.94
0jzn8w,2022-09-29,facebook,cpc,holiday_season,False,1.96
yuxa9g,2022-03-09,google,email,holiday_season,False,0.16
wo3a3p,2022-01-23,google,cpm,summer_sale,False,1.29
54mot0,2022-07-17,twitter,email,back_to_school,False,0.83
kn578h,2022-05-22,facebook,cpm,summer_sale,False,1.3
n2nyec,2022-06-25,twitter,cpc,summer_sale,False,0.44
9xq7zk,2022-10-08,facebook,cpm,holiday_season,True,1.12
0c3mqv,2022-11-01,twitter,cpc,back_to_school,True,1.91
d737hg,2022-02-15,facebook,email,holiday_season,False,1.87
np6yhf,2022-09-14,google,cpm,back_to_school,False,0.65
x60d9m,2022-03-08,google,cpc,holiday_season,False,2.05
0ifhk7,2022-03-07,google,cpc,back_to_school,False,2.4
o4yssv,2022-06-26,facebook,email,holiday_season,False,2.01
ntyiug,2022-10-12,google,cpc,holiday_season,False,1.08
si2hja,2022-07-06,twitter,email,back_to_school,False,1.15
hvu30l,2022-09-09,twitter,cpc,holiday_season,False,1.57
2wqnpk,2022-04-08,google,email,summer_sale,False,0.42
2cozk7,2022-11-17,twitter,cpm,back_to_school,False,0.61
iouc0w,2022-07-13,twitter,cpm,back_to_school,False,1.23
btw4kl,2022-06-22,facebook,cpc,summer_sale,False,0.86
skoe5v,2022-07-17,facebook,cpm,back_to_school,False,1.25
gd8i6t,2022-04-23,twitter,cpc,back_to_school,False,1.67
2ecsuk,2022-05-27,twitter,cpc,back_to_school,True,1.24
0ptkbe,2022-10-01,google,email,back_to_school,False,1.98
qpggmr,2022-10-07,google,email,holiday_season,False,1.85
tezp04,2022-01-25,facebook,cpm,back_to_school,False,0.64
btem3t,2022-08-29,google,email,summer_sale,False,1.26
xaq97j,2022-01-01,google,cpm,holiday_season,False,2.09
immnly,2022-11-23,facebook,cpc,holiday_season,False,2.21
p4oupr,2022-09-20,facebook,email,back_to_school,False,0.51
juwhte,2022-08-29,twitter,email,back_to_school,False,1.03
4knnw7,2022-04-01,facebook,cpc,back_to_school,True,2.49
xh7a7o,2022-07-08,twitter,cpc,back_to_school,False,0.75
6v4q98,2022-07-10,facebook,cpm,back_to_school,False,1.61
336daf,2022-04-30,twitter,cpc,holiday_season,False,2.38
9tgjkf,2022-12-10,twitter,email,summer_sale,False,1.76
z1qrfu,2022-07-30,twitter,cpc,summer_sale,False,1.73
p6tkcx,2022-06-06,google,cpc,summer_sale,False,0.29
ucnbkc,2022-05-10,google,cpm,holiday_season,False,0.63
1t8ubz,2022-02-10,facebook,cpc,summer_sale,False,1.47
x9t9j7,2022-12-23,twitter,email,summer_sale,False,0.86
xrnxpt,2022-04-28,facebook,cpc,back_to_school,False,0.81
ucvxio,2022-12-31,twitter,cpm,holiday_season,False,2.22
63l0lt,2022-06-25,twitter,cpm,holiday_season,False,1.62
l0p8ur,2022-08-17,facebook,email,back_to_school,False,0.73
udp2kk,2022-06-23,facebook,cpc,summer_sale,False,1.1
vhvmv1,2022-01-27,twitter,cpm,holiday_season,False,1.32
bromxe,2022-06-20,twitter,cpc,summer_sale,False,1.42
yw51b1,2022-12-15,twitter,email,summer_sale,False,1.73
f83lb1,2022-11-17,google,cpm,summer_sale,False,0.37
pqw08n,2022-06-24,facebook,cpm,holiday_season,False,1.31
rvuza3,2022-08-11,facebook,cpm,summer_sale,False,0.07
8zsr4g,2022-06-15,google,cpc,holiday_season,False,2.4
fv0ewz,2022-07-23,google,email,holiday_season,False,1.64
1ble2i,2022-02-22,google,cpm,summer_sale,True,0.98
kp7l0i,2022-10-26,google,cpc,holiday_season,True,0.13
wa2tb6,2022-03-13,twitter,cpc,holiday_season,False,0.29
vqtxmv,2022-10-23,twitter,email,back_to_school,False,1.82
89xvv5,2022-03-09,google,cpc,holiday_season,False,1.51
zdf8ej,2022-05-16,google,cpc,holiday_season,False,1.34
ald4cd,2022-07-28,facebook,cpm,back_to_school,False,0.16
3puk41,2022-09-25,google,cpm,summer_sale,False,0.95
1i1qul,2022-12-23,google,email,back_to_school,False,1.64
fdz5ju,2022-01-21,google,cpc,back_to_school,False,1.88
eui2w8,2022-07-25,google,cpm,summer_sale,False,0.58
qu6x3f,2022-07-12,google,cpm,back_to_school,False,1.76
589txi,2022-10-13,facebook,cpm,back_to_school,False,0.89
dlpdax,2022-01-30,facebook,email,summer_sale,False,0.67
rcvqzq,2022-12-21,google,cpc,holiday_season,False,2.16
vftd0a,2022-03-18,google,cpc,back_to_school,False,1.9
hhysrz,2022-01-24,twitter,cpc,holiday_season,True,1.45
mj75z8,2022-04-20,facebook,email,back_to_school,False,0.42
5tshdk,2022-10-04,facebook,cpm,holiday_season,False,1.91
wyciqu,2022-05-18,google,cpc,holiday_season,False,1.8
tzbc85,2022-08-15,facebook,email,back_to_school,True,0.15
d8xklw,2022-10-17,twitter,cpc,holiday_season,False,2.05
16b6tm,2022-03-03,facebook,email,summer_sale,False,2.24
2cj8q7,2022-04-29,twitter,cpm,holiday_season,False,1.6
5bphl0,2022-01-30,twitter,cpm,summer_sale,True,2.33
6aafjf,2022-12-08,twitter,email,back_to_school,True,2.14
n27q3d,2022-02-07,google,cpc,back_to_school,True,0.33
82fb6o,2022-03-27,twitter,cpc,holiday_season,False,1.51
ihtvkf,2022-09-12,twitter,email,back_to_school,False,2.38
opxcvb,2022-09-29,google,email,holiday_season,False,0.53
4s3wsl,2022-06-20,facebook,cpm,back_to_school,False,2.08
ulyrdw,2022-10-13,google,cpc,summer_sale,True,2.28
3xxcnf,2022-05-08,google,email,back_to_school,False,0.5
x91il5,2022-09-01,google,email,back_to_school,False,0.88
14hu49,2022-01-29,twitter,email,back_to_school,True,2.09
le47z7,2022-03-27,google,email,holiday_season,False,1.59
8w4rci,2022-06-27,facebook,cpc,summer_sale,True,1.47
4dtoq1,2022-05-21,facebook,cpm,back_to_school,False,0.56
xd6caj,2022-02-28,google,email,back_to_school,False,2.3
mmveuq,2022-11-20,twitter,cpm,holiday_season,False,0.98
czvyva,2022-11-09,twitter,cpc,holiday_season,False,0.03
m5mgtb,2022-03-15,google,cpc,summer_sale,False,1.19
j4kdh2,2022-03-08,facebook,cpm,back_to_school,False,1.8
ldmfl8,2022-08-16,twitter,cpm,holiday_season,False,1.99
2c92ay,2022-06-22,google,email,holiday_season,False,0.37
rkowlz,2022-04-12,facebook,cpc,holiday_season,False,1.87
lnjld8,2022-07-11,google,cpc,summer_sale,False,1.46
3xa2jv,2022-01-12,facebook,cpm,summer_sale,True,0.11
uzj2h1,2022-03-22,google,cpc,summer_sale,False,2.29
1mqih9,2022-01-02,twitter,cpc,holiday_season,True,0.87
v59m7m,2022-11-17,twitter,cpm,back_to_school,False,0.86
rsthm9,2022-10-01,google,cpm,summer_sale,False,0.78
5z8jy5,2022-04-15,google,cpc,back_to_school,False,0.74
ch6xi1,2022-11-20,facebook,email,back_to_school,False,0.95
pbpzej,2022-06-30,facebook,cpm,back_to_school,False,1.27
f4x56s,2022-04-03,facebook,cpm,holiday_season,False,0.5
ez491z,2022-01-18,facebook,cpc,back_to_school,False,1.59
ecjwsr,2022-10-05,google,cpm,summer_sale,False,2.06
3fvi5y,2022-05-26,google,email,back_to_school,False,1.28
sm3umn,2022-12-11,facebook,cpm,summer_sale,False,0.17
54ywck,2022-04-01,twitter,cpc,holiday_season,True,1.34
fvk5sh,2022-06-17,facebook,email,holiday_season,False,2.23
kc9i4q,2022-06-22,google,cpc,back_to_school,False,1.37
0g8rkb,2022-12-15,twitter,cpc,back_to_school,False,1.43
cmadrl,2022-01-17,google,email,back_to_school,False,0.28
48fkfr,2022-04-21,facebook,cpm,summer_sale,False,0.94
h1gu2a,2022-11-17,twitter,cpc,back_to_school,False,0.45
nupt2m,2022-01-27,google,cpm,holiday_season,False,1.7
f56qzo,2022-09-20,facebook,email,back_to_school,False,0.78
fyfk5t,2022-07-26,facebook,cpm,holiday_season,False,0.39
a98u08,2022-09-19,twitter,cpc,back_to_school,False,0.97
xoy4vm,2022-05-19,google,cpc,holiday_season,False,1.3
3izeek,2022-03-14,facebook,email,summer_sale,False,2.5
l0isab,2022-06-11,google,email,holiday_season,False,0.44
a5uvwq,2022-02-21,facebook,cpc,back_to_school,False,0.92
3kn358,2022-10-27,facebook,email,back_to_school,False,1.44
00ukhq,2022-05-21,google,email,summer_sale,True,0.71
ohvs8n,2022-09-27,facebook,cpc,summer_sale,False,2.08
btwdtb,2022-04-29,facebook,cpm,holiday_season,False,0.98
y0fyly,2022-08-08,google,email,summer_sale,False,1.93
dxneew,2022-05-07,google,cpc,summer_sale,False,1.17
i0zw2o,2022-11-27,twitter,email,summer_sale,False,0.81
f0wdau,2022-08-15,google,cpm,back_to_school,True,2.35
xfnbic,2022-01-28,facebook,cpm,back_to_school,False,1.89
k2nqnp,2022-07-12,google,email,back_to_school,False,1.52
wpig9w,2022-06-17,facebook,cpm,back_to_school,False,0.39
7cabyt,2022-07-22,facebook,cpc,holiday_season,False,2.49
z7b5ia,2022-01-15,google,cpc,summer_sale,False,2.44
pyjwzh,2022-06-08,twitter,cpc,back_to_school,False,1.2
6t256m,2022-08-03,twitter,cpm,back_to_school,True,1.71
9387jq,2022-07-18,twitter,cpc,summer_sale,False,1.22
h447qy,2022-09-11,twitter,cpc,summer_sale,False,0.27
xhae8h,2022-08-12,google,cpc,holiday_season,False,0.34
pz2ndh,2022-08-13,facebook,email,back_to_school,False,1.5
jzsam2,2022-10-21,facebook,cpc,back_to_school,False,1.06
ih4vsj,2022-05-13,google,cpc,holiday_season,False,1.65
xub3ef,2022-03-18,twitter,cpm,holiday_season,False,0.34
wov5ej,2022-11-22,facebook,cpc,holiday_season,False,1.7
5ty2jx,2022-04-01,google,email,holiday_season,False,1.09
zvg6a9,2022-07-09,google,cpc,back_to_school,False,0.17
o70jc3,2022-07-16,google,email,holiday_season,False,1.81
wo26ov,2022-06-13,twitter,cpc,back_to_school,True,1.83
7gtu3q,2022-12-14,twitter,email,back_to_school,False,0.75
jbcx0d,2022-06-02,twitter,cpm,holiday_season,False,2.41
ufvlvk,2022-10-29,google,cpm,summer_sale,False,2.29
ggixdc,2022-06-26,google,cpc,back_to_school,False,0.31
2hyyr0,2022-08-16,google,email,holiday_season,False,0.97
mqr64e,2022-02-24,twitter,email,back_to_school,False,1.46
aqgoof,2022-05-04,google,email,holiday_season,False,1.91
n6ujzz,2022-09-17,twitter,cpm,holiday_season,False,1.63
coete8,2022-03-05,facebook,email,holiday_season,False,0.08
j9z5xj,2022-09-19,google,cpm,holiday_season,False,0.06
z120xr,2022-07-12,twitter,cpm,holiday_season,False,1.45
lqonbn,2022-04-03,google,cpc,holiday_season,False,2.06
bombn4,2022-09-30,twitter,cpm,holiday_season,False,0.28
xpz9u6,2022-03-09,twitter,cpc,summer_sale,False,0.64
kxzxwu,2022-09-09,twitter,cpm,holiday_season,False,0.13
ehq9cv,2022-03-01,facebook,cpc,summer_sale,False,0.63
gy0jij,2022-08-16,google,cpc,back_to_school,False,0.74
je6gxs,2022-01-03,twitter,cpm,holiday_season,False,2.2
uqatx6,2022-10-28,twitter,cpc,summer_sale,False,1.15
o54qj7,2022-01-25,facebook,email,back_to_school,False,2.3
c6sujt,2022-02-17,facebook,cpc,summer_sale,False,2.22
k0iv04,2022-06-10,google,cpc,back_to_school,True,1.01
v1rol7,2022-03-04,twitter,cpc,holiday_season,False,2.15
jpotzp,2022-06-22,twitter,email,back_to_school,False,0.53
nviv6o,2022-09-21,google,cpm,summer_sale,False,0.69
ox766t,2022-05-18,google,cpc,summer_sale,False,0.63
3e7sbx,2022-11-23,facebook,email,summer_sale,False,2.17
e7d7sj,2022-03-14,twitter,cpm,holiday_season,False,0.41
746xmd,2022-07-09,facebook,email,back_to_school,False,0.94
mhf407,2022-09-25,facebook,email,summer_sale,False,1.7
jg9z1m,2022-07-18,facebook,cpc,summer_sale,False,2.45
msre2m,2022-05-25,facebook,cpm,summer_sale,True,1.47
qbsqcn,2022-04-02,facebook,cpc,holiday_season,False,0.15
chpir0,2022-04-25,facebook,cpc,holiday_season,True,0.65
tarn4l,2022-11-10,twitter,email,holiday_season,False,1.46
nhevv2,2022-08-24,facebook,cpc,back_to_school,True,1.24
4zq7b7,2022-03-18,twitter,cpc,summer_sale,False,2.25
fp53wp,2022-01-31,google,email,back_to_school,False,0.84
wa5u68,2022-04-26,facebook,cpc,back_to_school,False,0.02
mrxl2e,2022-02-02,facebook,email,back_to_school,False,2.27
111gwn,2022-12-03,facebook,email,back_to_school,False,0.55
2aya7v,2022-05-13,google,cpc,summer_sale,False,1.35
59vfhm,2022-05-09,facebook,email,summer_sale,False,2.08
s48663,2022-08-31,google,email,back_to_school,False,1.85
3hz3o4,2022-04-30,google,email,back_to_school,True,1.79
j7kq8f,2022-05-05,facebook,cpc,holiday_season,False,0.25
jojd1i,2022-03-11,google,email,back_to_school,False,0.51
gvu2qc,2022-03-08,google,cpc,back_to_school,False,0.53
knfjqv,2022-05-26,facebook,cpm,back_to_school,False,1.34
wq995l,2022-11-20,twitter,email,back_to_school,False,0.49
161w4a,2022-06-13,google,email,back_to_school,False,0.26
4zxpuf,2022-04-26,twitter,email,summer_sale,False,0.49
sjm7c3,2022-03-11,twitter,cpm,back_to_school,False,0.94
37xwbs,2022-01-19,google,cpm,back_to_school,False,0.34
fy83wu,2022-06-12,google,email,holiday_season,False,1.05
l9ybg8,2022-09-27,twitter,cpm,back_to_school,True,0.7
lj5ps7,2022-11-13,facebook,cpm,summer_sale,False,1.74
ypbhjh,2022-05-03,facebook,cpc,summer_sale,False,0.49
ibrpoj,2022-06-17,facebook,email,summer_sale,False,1.51
eq4gz1,2022-06-08,twitter,email,summer_sale,False,2.31
bn3wzq,2022-01-14,facebook,cpm,back_to_school,False,0.29
djvmz2,2022-05-08,google,email,back_to_school,False,0.74
i95xw5,2022-10-07,facebook,cpc,summer_sale,False,0.22
dbsdab,2022-03-06,twitter,email,back_to_school,False,1.37
ogwz6f,2022-04-07,facebook,email,holiday_season,False,1.85
dh5jn6,2022-03-30,twitter,cpc,back_to_school,False,0.73
a75cmi,2022-10-18,twitter,cpc,back_to_school,False,1.37
tv559c,2022-12-27,google,cpc,holiday_season,False,2.26
qhku5s,2022-11-01,facebook,email,back_to_school,True,1.5
zmfsq4,2022-06-07,twitter,cpc,holiday_season,False,1.17
6ngdf4,2022-03-18,google,cpc,summer_sale,False,1.47
l5suue,2022-09-29,google,cpc,summer_sale,False,0.91
fe8cal,2022-12-29,google,cpm,summer_sale,False,0.12
9nqk0r,2022-07-07,google,cpc,summer_sale,False,1.12
x07vj5,2022-07-06,facebook,cpc,back_to_school,False,2.15
auzz0q,2022-06-19,google,email,back_to_school,True,0.54
wpym05,2022-09-22,google,cpc,holiday_season,False,0.4
886pw1,2022-01-15,twitter,cpc,holiday_season,False,0.88
krkfh7,2022-08-10,twitter,email,back_to_school,False,1.78
3utmfb,2022-01-24,google,cpc,holiday_season,False,1.84
wl0cvj,2022-01-31,google,cpc,back_to_school,False,0.51
vc4i48,2022-11-18,facebook,cpm,back_to_school,False,0.08
d0urs5,2022-03-14,google,cpm,summer_sale,False,0.67
dnh4pu,2022-12-02,google,email,back_to_school,False,1.93
25jcda,2022-08-23,google,cpc,holiday_season,False,2.2
26iv2t,2022-04-22,facebook,email,holiday_season,False,0.62
s4jwd8,2022-06-01,facebook,cpm,summer_sale,False,0.38
twtbfr,2022-05-25,google,cpm,summer_sale,False,0.81
j0noam,2022-03-10,facebook,cpc,summer_sale,False,1.43
tyd0g9,2022-05-26,twitter,email,back_to_school,False,1.33
6jnmyt,2022-08-17,google,email,back_to_school,True,2.39
2v2np0,2022-05-13,google,cpm,back_to_school,False,0.84
6c5h3h,2022-09-11,twitter,cpc,summer_sale,False,2.12
jeyqox,2022-03-22,facebook,email,back_to_school,False,0.99
ptifcz,2022-12-09,twitter,email,holiday_season,False,0.11
ekfdqd,2022-01-21,facebook,cpm,back_to_school,False,1.36
l5rq3k,2022-09-05,twitter,email,back_to_school,False,1.3
78p8mb,2022-04-12,google,email,summer_sale,False,0.81
zy1rty,2022-10-01,twitter,email,back_to_school,False,0.44
94tk8x,2022-07-03,google,cpc,summer_sale,False,0.22
a7yuf4,2022-08-16,google,cpc,back_to_school,False,1.53
i316en,2022-03-07,facebook,cpc,back_to_school,False,1.49
p0ly3h,2022-12-15,facebook,email,holiday_season,True,0.36
zpkve7,2022-01-26,twitter,email,holiday_season,False,0.61
plixs8,2022-04-27,twitter,cpm,holiday_season,False,1.97
zx3omm,2022-09-24,google,cpc,summer_sale,False,0.36
jg7ih9,2022-02-24,facebook,email,back_to_school,False,1.05
ksixhv,2022-12-28,facebook,cpc,holiday_season,False,0.35
c7c7x9,2022-04-17,google,email,summer_sale,False,1.08
m4dy1b,2022-10-11,twitter,cpm,summer_sale,False,1.01
up2whh,2022-08-01,google,cpc,holiday_season,False,0.36
yj8hbz,2022-07-04,twitter,cpm,holiday_season,False,0.41
yb4jbc,2022-11-09,google,cpc,back_to_school,False,2.45
ykpah3,2022-03-29,facebook,cpc,summer_sale,False,2.11
xuyym7,2022-06-22,google,cpm,holiday_season,False,0.87
ekrvlg,2022-05-12,twitter,cpm,back_to_school,True,1.14
kov0fu,2022-02-25,facebook,cpm,summer_sale,False,0.06
c8x25z,2022-10-19,google,email,back_to_school,False,1.59
x7567u,2022-10-27,google,cpm,summer_sale,False,1.27
p4lylr,2022-02-10,google,cpm,back_to_school,False,1.0
ncbnyj,2022-01-23,twitter,cpc,holiday_season,True,0.58
2cfwpd,2022-10-20,twitter,cpm,back_to_school,False,0.86
8v8dq3,2022-06-20,google,email,back_to_school,False,1.18
dg58we,2022-12-26,twitter,cpc,holiday_season,False,0.93
50xjfk,2022-02-15,facebook,cpc,holiday_season,False,0.94
6pd1e2,2022-01-28,google,email,holiday_season,False,1.99
4sod2z,2022-03-30,twitter,email,holiday_season,False,1.94
fcu9ix,2022-03-08,google,email,back_to_school,True,0.26
6wexj4,2022-03-13,facebook,cpm,summer_sale,False,0.96
68udq6,2022-08-04,twitter,cpm,holiday_season,False,0.19
87o7lg,2022-02-01,twitter,cpm,holiday_season,False,1.24
zbt7pm,2022-10-18,twitter,cpc,back_to_school,False,0.57
fy4bib,2022-09-06,facebook,email,back_to_school,False,2.26
3ye18a,2022-07-19,facebook,email,back_to_school,False,0.14
emgd6m,2022-06-14,facebook,cpm,summer_sale,False,2.25
hg817x,2022-02-21,facebook,email,back_to_school,False,1.62
xmnmug,2022-08-01,google,email,back_to_school,False,0.24
6iyat3,2022-05-08,twitter,email,back_to_school,True,2.46
2ovbny,2022-06-16,twitter,cpm,back_to_school,True,1.43
dg8w7y,2022-03-04,twitter,email,summer_sale,False,1.64
5ji1z1,2022-12-26,twitter,cpc,holiday_season,False,2.28
mpl3c8,2022-08-28,twitter,cpm,summer_sale,False,1.76
1gme4e,2022-09-30,facebook,cpc,holiday_season,True,1.15
dhpf61,2022-11-09,twitter,email,summer_sale,False,0.64
e1ibnx,2022-09-10,google,cpc,back_to_school,False,2.36
2p8rzf,2022-10-03,facebook,email,summer_sale,False,0.94
eaozg7,2022-03-21,facebook,email,holiday_season,False,1.76
ptqvxe,2022-06-23,google,email,holiday_season,False,1.37
mw687w,2022-03-16,twitter,cpc,summer_sale,False,0.45
h25ser,2022-08-11,twitter,email,summer_sale,False,2.14
qgvvxz,2022-05-31,twitter,cpm,holiday_season,False,0.71
ngrqnd,2022-07-07,twitter,cpm,summer_sale,False,0.69
k86ioy,2022-07-05,facebook,cpc,back_to_school,False,0.71
nrtmgl,2022-02-12,twitter,cpm,summer_sale,False,0.28
zogef4,2022-03-17,facebook,cpc,holiday_season,False,0.17
6hcill,2022-01-12,google,cpm,back_to_school,False,1.22
2x93oh,2022-08-04,twitter,email,holiday_season,False,0.4
v3vlxd,2022-08-07,facebook,email,holiday_season,True,1.59
8r8jsc,2022-04-03,twitter,cpm,back_to_school,False,2.5
dv8bbl,2022-10-15,google,cpc,holiday_season,False,0.94
mc9brz,2022-02-19,google,cpc,summer_sale,True,1.54
aixhaj,2022-08-27,facebook,cpc,holiday_season,False,2.22
x82720,2022-04-09,google,email,summer_sale,False,2.21
jakxvt,2022-11-23,twitter,cpm,summer_sale,False,2.45
q3lh21,2022-03-03,facebook,email,back_to_school,False,0.35
61kos2,2022-01-21,facebook,cpc,summer_sale,False,1.55
ec0146,2022-10-27,facebook,cpm,summer_sale,False,0.52
t1eb80,2022-12-03,twitter,cpc,back_to_school,False,0.11
jctlg3,2022-08-16,google,cpc,back_to_school,False,2.36
bwmb7w,2022-12-05,facebook,cpm,summer_sale,False,0.19
t9kccp,2022-11-05,twitter,cpc,summer_sale,False,0.11
m83mus,2022-03-08,google,cpm,summer_sale,False,1.63
nhpvze,2022-09-01,google,cpm,back_to_school,False,1.26
ul54qm,2022-01-22,twitter,cpm,summer_sale,False,0.89
scgnpd,2022-05-27,twitter,cpm,summer_sale,False,0.35
ufs5jn,2022-09-22,facebook,email,holiday_season,False,0.4
9ssa1p,2022-06-28,facebook,email,holiday_season,False,2.27
ny69dw,2022-07-21,facebook,email,summer_sale,False,2.43
fy308r,2022-06-10,facebook,cpm,holiday_season,False,1.15
wtrbs6,2022-11-04,google,cpc,summer_sale,False,1.1
qhlsbf,2022-06-22,google,cpc,holiday_season,False,0.48
u45c6v,2022-09-05,facebook,cpc,back_to_school,False,2.15
ixaoj8,2022-07-31,facebook,cpc,holiday_season,False,0.63
fjtnjj,2022-05-19,twitter,cpc,summer_sale,True,0.24
eeg7a5,2022-08-01,twitter,cpm,holiday_season,True,0.75
f8zl77,2022-02-07,twitter,cpc,holiday_season,True,0.47
8fff1d,2022-11-09,facebook,cpc,holiday_season,False,2.09
3x7xfr,2022-11-25,facebook,cpm,back_to_school,False,0.69
b36722,2022-12-10,google,email,holiday_season,False,0.3
6kz8t3,2022-07-28,google,cpc,back_to_school,False,2.06
3afbpt,2022-11-02,google,cpc,summer_sale,False,0.78
7cjjxd,2022-01-20,twitter,email,back_to_school,True,0.07
pzr1g4,2022-06-16,google,cpc,holiday_season,False,1.91
3bd012,2022-10-29,google,cpm,back_to_school,False,0.82
8c5xxt,2022-12-18,twitter,cpc,back_to_school,False,0.08
3j04i5,2022-07-19,facebook,cpc,summer_sale,False,0.04
b3exhn,2022-01-23,google,email,summer_sale,False,1.66
tauecx,2022-07-23,twitter,cpm,summer_sale,False,0.33
ra7roe,2022-11-16,twitter,email,back_to_school,False,0.05
yvdjwz,2022-03-17,twitter,cpc,holiday_season,False,2.2
v7dwg9,2022-12-24,facebook,cpm,back_to_school,False,1.88
opg6dq,2022-04-13,facebook,cpm,summer_sale,False,1.61
es69fm,2022-07-28,twitter,cpm,holiday_season,False,0.09
5zvm08,2022-03-08,google,email,holiday_season,False,0.13
7whixg,2022-11-11,twitter,email,holiday_season,False,1.51
9bm899,2022-06-09,facebook,cpm,summer_sale,False,0.62
n8900x,2022-07-04,twitter,email,summer_sale,False,2.35
z029ap,2022-08-17,twitter,cpc,holiday_season,False,1.47
eoyyeq,2022-07-28,facebook,cpm,summer_sale,False,0.83
w2mbtv,2022-12-26,facebook,cpm,summer_sale,False,2.0
6h9tr2,2022-06-02,google,email,back_to_school,False,1.96
s6am6t,2022-10-27,google,cpm,holiday_season,False,1.89
5ibtoj,2022-08-08,google,cpc,back_to_school,False,1.11
ej20mv,2022-04-25,facebook,cpm,back_to_school,False,2.34
hgxhk3,2022-04-24,twitter,email,summer_sale,False,2.07
mjhozc,2022-06-08,facebook,cpc,holiday_season,False,0.91
44wfjo,2022-01-18,google,cpm,back_to_school,False,0.6
h9paqo,2022-01-14,twitter,cpm,back_to_school,False,0.26
aim1qe,2022-07-24,twitter,cpc,holiday_season,False,2.39
qsu2rz,2022-06-11,twitter,cpc,holiday_season,False,1.9
w79c30,2022-04-13,google,cpc,holiday_season,False,1.39
ixuwgv,2022-11-14,google,email,holiday_season,False,2.26
cfnoop,2022-07-08,google,cpm,back_to_school,False,0.04
a441g1,2022-02-23,facebook,cpc,summer_sale,False,1.51
dcv87l,2022-03-25,google,cpc,back_to_school,False,0.35
4l1dfh,2022-07-03,google,cpm,back_to_school,False,1.23
90iyms,2022-05-11,twitter,email,summer_sale,False,0.64
rfp9vr,2022-04-14,twitter,email,back_to_school,False,0.52
1fb133,2022-04-23,twitter,email,back_to_school,False,0.58
6cn7we,2022-06-30,google,cpm,summer_sale,False,1.06
mnpqq8,2022-09-23,google,cpm,holiday_season,False,1.95
5p8wz5,2022-01-26,facebook,cpc,holiday_season,False,1.62
q2yuoq,2022-07-31,twitter,cpc,back_to_school,False,1.79
scfnkw,2022-09-21,google,email,back_to_school,False,1.52
45pehj,2022-09-28,google,email,back_to_school,False,1.34
zq3h1i,2022-08-22,twitter,cpm,holiday_season,False,1.49
k8e5rf,2022-04-05,facebook,cpc,holiday_season,False,1.03
nf8ziu,2022-06-18,google,cpm,holiday_season,False,1.5
83xxop,2022-12-19,google,cpm,back_to_school,False,1.78
dshe3h,2022-07-05,google,cpm,holiday_season,False,0.21
pidm4f,2022-05-11,google,cpm,back_to_school,False,0.1
eo23f2,2022-03-10,twitter,cpm,back_to_school,False,1.78
92q3b4,2022-10-24,google,email,back_to_school,False,1.84
3zvlge,2022-05-28,google,cpc,holiday_season,True,1.39
mpudnl,2022-09-18,twitter,email,summer_sale,False,2.24
rfcv9k,2022-08-30,facebook,cpc,back_to_school,False,0.74
pkd3r6,2022-05-17,twitter,cpc,holiday_season,True,0.9
4c55qi,2022-11-28,twitter,cpm,summer_sale,False,0.49
qqpxrn,2022-06-16,google,cpm,holiday_season,False,2.38
h6jr08,2022-02-24,google,cpm,holiday_season,False,0.5
jwzpko,2022-07-15,google,cpc,summer_sale,False,2.29
l5ampm,2022-11-03,google,email,summer_sale,False,1.92
j6y03s,2022-08-18,twitter,email,back_to_school,False,1.98
oieqdn,2022-11-01,facebook,email,back_to_school,False,0.15
sdsqup,2022-01-21,facebook,cpm,summer_sale,False,2.07
rz0t58,2022-09-18,google,cpm,holiday_season,True,0.78
7m0cnu,2022-08-30,twitter,cpc,summer_sale,False,1.68
u85r3k,2022-05-23,google,email,holiday_season,False,1.31
os6vac,2022-02-03,google,cpm,back_to_school,False,0.93
mcqy4g,2022-02-05,google,email,summer_sale,True,1.84
gxlvg7,2022-09-18,google,cpm,summer_sale,False,1.19
avpaqd,2022-08-29,google,cpc,back_to_school,False,0.95
ii97ra,2022-05-09,facebook,cpc,summer_sale,False,2.15
v0kyrx,2022-12-07,google,email,summer_sale,False,0.96
oiaqir,2022-03-23,google,cpm,back_to_school,False,1.02
m56ih7,2022-06-28,facebook,cpc,summer_sale,True,1.8
u7xbr9,2022-02-13,google,cpm,back_to_school,False,1.64
hzzbdf,2022-02-13,google,cpc,back_to_school,False,2.37
yv82s9,2022-09-01,twitter,cpm,holiday_season,False,2.13
afroht,2022-01-29,facebook,cpc,back_to_school,False,1.4
yj0fr0,2022-04-29,twitter,cpm,holiday_season,False,1.5
0e815g,2022-03-16,google,email,holiday_season,False,2.46
dwar8y,2022-08-23,twitter,cpc,back_to_school,False,1.15
4w91a4,2022-10-30,google,cpc,back_to_school,False,2.18
cow586,2022-05-09,google,cpm,back_to_school,False,1.65
2oosix,2022-11-28,google,email,back_to_school,False,0.69
nbqjo6,2022-08-08,facebook,cpc,back_to_school,False,2.35
h4k5z7,2022-02-23,facebook,cpc,summer_sale,False,0.02
35naay,2022-09-19,google,email,back_to_school,False,0.74
6tgfl0,2022-02-17,twitter,cpc,summer_sale,False,1.72
0quri0,2022-12-24,facebook,cpm,back_to_school,False,1.09
xq065n,2022-05-29,google,cpc,back_to_school,False,1.91
mad3w6,2022-08-20,facebook,cpm,summer_sale,False,0.08
cjfyaj,2022-03-15,facebook,cpc,summer_sale,False,2.09
qrwotv,2022-09-09,google,cpc,holiday_season,False,1.37
b5zzq8,2022-09-18,facebook,cpm,summer_sale,False,2.14
e3ishn,2022-12-14,google,email,holiday_season,False,0.53
x8d1y9,2022-12-02,twitter,email,back_to_school,False,0.52
jevw2n,2022-04-01,google,cpc,summer_sale,False,1.64
38dofi,2022-11-22,google,cpm,summer_sale,False,0.62
yehrgt,2022-03-01,facebook,cpm,back_to_school,False,0.24
uuyt03,2022-05-28,facebook,email,holiday_season,False,0.2
cudui7,2022-02-16,google,email,holiday_season,False,2.24
t2fapm,2022-01-13,twitter,email,holiday_season,False,0.2
n1rmyp,2022-05-22,twitter,cpc,back_to_school,False,1.85
xc83gy,2022-10-28,twitter,cpc,summer_sale,False,0.4
qlq4ay,2022-03-12,facebook,email,holiday_season,False,2.5
qqvmjg,2022-08-28,google,email,summer_sale,False,1.59
pi8zwk,2022-06-03,twitter,cpc,holiday_season,False,1.39
14gn56,2022-03-27,twitter,cpc,back_to_school,False,0.81
5vpdwi,2022-03-07,twitter,cpc,back_to_school,True,2.1
rlxyyv,2022-03-28,twitter,email,back_to_school,False,2.2
i1x1jb,2022-10-05,twitter,cpm,back_to_school,False,1.07
5ugb90,2022-04-03,twitter,cpc,holiday_season,False,2.27
9v8yda,2022-06-06,twitter,cpc,summer_sale,False,1.54
o87hjo,2022-08-28,twitter,cpm,back_to_school,False,0.96
gwq67p,2022-07-11,twitter,email,back_to_school,False,0.08
lfltia,2022-02-07,twitter,cpc,back_to_school,False,0.37
m2to3q,2022-06-18,facebook,cpc,holiday_season,False,1.39
dnixcb,2022-09-22,google,cpm,summer_sale,False,1.05
84y3o1,2022-09-08,twitter,cpc,back_to_school,False,1.44
d33byx,2022-03-24,twitter,cpc,summer_sale,False,0.7
yn0h8e,2022-04-02,facebook,email,holiday_season,False,0.72
43eg3n,2022-12-16,twitter,email,back_to_school,True,1.91
voydbg,2022-12-27,google,cpm,summer_sale,False,1.85
8zxeky,2022-01-09,google,cpm,summer_sale,False,0.5
m57yv9,2022-05-16,google,cpm,back_to_school,False,1.34
zgtikv,2022-10-28,google,email,summer_sale,False,1.52
ztpq83,2022-09-03,facebook,cpm,back_to_school,False,1.7
oipqu4,2022-04-24,facebook,cpm,back_to_school,False,0.84
h1zigb,2022-10-13,google,email,back_to_school,False,1.71
i4vbw0,2022-04-30,google,cpm,back_to_school,False,0.66
n3hh4x,2022-07-24,facebook,cpc,back_to_school,False,1.92
82ijf2,2022-12-05,google,email,back_to_school,True,0.07
uqjgcw,2022-04-27,google,cpc,summer_sale,False,0.71
smg14c,2022-08-06,google,email,holiday_season,False,1.06
cflb22,2022-07-30,facebook,email,holiday_season,False,1.26
45t9zb,2022-04-09,google,cpc,holiday_season,False,0.89
rsqm5a,2022-02-05,google,cpm,summer_sale,False,2.21
4ldwh0,2022-10-23,google,cpm,back_to_school,False,1.57
l1lz3w,2022-12-17,google,cpc,summer_sale,False,2.47
vd2jmj,2022-09-19,twitter,cpc,back_to_school,False,1.97
79hmny,2022-07-18,twitter,cpc,back_to_school,False,1.92
48r95w,2022-03-11,facebook,email,back_to_school,False,2.04
qabm71,2022-03-02,twitter,cpm,holiday_season,False,1.17
454btp,2022-12-28,twitter,cpm,summer_sale,False,1.86
x5wlpq,2022-01-11,twitter,email,holiday_season,False,2.07
ncenph,2022-07-16,google,cpc,holiday_season,False,0.79
cnah8h,2022-06-07,google,cpc,summer_sale,False,1.18
k8ndve,2022-01-08,twitter,cpc,back_to_school,False,0.36
la5jku,2022-09-08,facebook,cpc,summer_sale,False,0.54
s6ducq,2022-03-23,google,cpc,summer_sale,False,1.1
2fwzg6,2022-06-09,twitter,cpc,holiday_season,False,2.38
mplncu,2022-05-28,google,cpc,back_to_school,False,1.29
1tth1h,2022-08-26,google,email,summer_sale,False,0.7
l5vfdx,2022-06-19,google,email,back_to_school,False,1.68
6phcxp,2022-09-19,twitter,cpc,summer_sale,True,2.34
y442c0,2022-03-20,facebook,email,holiday_season,False,1.34
nejkoj,2022-02-21,facebook,cpm,holiday_season,False,1.71
39b1ya,2022-09-01,google,cpm,holiday_season,False,1.27
zibup1,2022-03-07,google,cpm,holiday_season,False,1.28
n1aldu,2022-05-27,google,cpm,holiday_season,True,1.78
z1cibx,2022-01-27,twitter,cpm,holiday_season,True,1.56
41a8tk,2022-05-06,google,cpc,back_to_school,False,0.78
10s1zc,2022-11-01,google,email,back_to_school,False,0.99
q2qjj9,2022-04-02,google,cpm,back_to_school,False,1.93
dl4jvd,2022-12-06,google,email,holiday_season,False,1.78
9b7hj2,2022-01-24,twitter,cpc,holiday_season,False,1.11
4oxaet,2022-02-13,twitter,cpc,back_to_school,False,0.36
hep2px,2022-06-13,google,email,summer_sale,False,1.7
oe3q6e,2022-10-26,facebook,cpc,summer_sale,False,0.4
v0hoy4,2022-04-23,facebook,cpm,holiday_season,True,0.76
rxvwhz,2022-01-18,google,cpc,back_to_school,True,1.21
hf8nxh,2022-02-13,google,cpm,holiday_season,False,0.63
18j5l8,2022-02-19,google,cpm,back_to_school,False,2.0
e54tl7,2022-02-19,facebook,cpm,summer_sale,False,2.5
xlrc3x,2022-12-29,google,cpc,holiday_season,False,1.08
7xp55c,2022-02-25,twitter,cpm,back_to_school,False,0.75
0duyy9,2022-11-22,google,cpc,holiday_season,False,0.76
kcmerf,2022-11-23,google,email,holiday_season,False,0.95
9x3ro5,2022-06-12,google,cpc,holiday_season,True,2.36
eydy4q,2022-06-29,twitter,cpc,back_to_school,False,0.13
pnzhnr,2022-05-23,twitter,cpm,holiday_season,False,2.25
c5bn6o,2022-04-15,facebook,email,summer_sale,False,0.21
gmy6o1,2022-01-09,google,email,summer_sale,False,1.76
xlcpzc,2022-05-20,google,cpm,back_to_school,False,0.45
dj5mmt,2022-05-06,facebook,cpc,back_to_school,False,0.7
qelz57,2022-03-18,twitter,email,back_to_school,False,0.81
ye4jy1,2022-01-18,twitter,email,back_to_school,False,1.88
o7rda7,2022-05-28,facebook,email,holiday_season,False,0.36
t7ivcf,2022-02-20,google,cpc,summer_sale,False,0.14
4oxtb5,2022-04-27,google,cpc,summer_sale,False,0.36
k9veza,2022-04-05,facebook,cpc,holiday_season,False,2.07
y4lr5b,2022-06-17,google,email,back_to_school,False,1.2
4xfeem,2022-04-13,twitter,cpc,holiday_season,False,0.57
i3d8fo,2022-07-28,twitter,cpc,back_to_school,False,1.88
dw8iol,2022-07-03,twitter,email,summer_sale,False,1.5
2jkjo8,2022-12-11,google,cpc,holiday_season,False,2.03
poikjz,2022-04-05,google,cpc,holiday_season,False,2.31
f3g7h0,2022-07-04,facebook,cpm,holiday_season,False,1.97
x104l8,2022-02-03,facebook,cpm,holiday_season,False,2.1
5x8qoh,2022-08-11,twitter,cpc,holiday_season,False,1.62
qje028,2022-10-29,twitter,email,back_to_school,False,1.97
v6oxhl,2022-07-05,twitter,cpc,back_to_school,False,0.08
69ef6u,2022-02-10,facebook,cpc,holiday_season,False,0.9
ao85hv,2022-11-23,google,email,summer_sale,False,0.02
x0lo2f,2022-10-20,facebook,email,summer_sale,True,0.81
m85dqs,2022-09-08,google,cpc,summer_sale,False,2.08
2tocfj,2022-12-30,twitter,email,summer_sale,False,1.6
1l15mu,2022-04-24,google,email,holiday_season,False,1.44
oscipj,2022-08-15,google,cpm,summer_sale,False,0.08
hl0exi,2022-12-12,google,email,back_to_school,False,0.11
kssqia,2022-10-06,twitter,cpc,holiday_season,False,1.76
623o0i,2022-05-08,google,cpc,back_to_school,False,2.19
4thynv,2022-02-24,facebook,email,holiday_season,False,2.5
0g0bql,2022-02-13,google,cpc,back_to_school,True,0.42
d5x7kq,2022-03-01,google,email,holiday_season,False,2.49
v8mpz2,2022-08-12,google,cpc,back_to_school,False,1.59
edyx1b,2022-04-16,twitter,cpc,back_to_school,False,0.08
zoqrwa,2022-08-10,google,cpc,holiday_season,False,0.57
wuxr8f,2022-01-05,facebook,cpc,summer_sale,False,2.26
kkjg3n,2022-04-27,google,cpc,summer_sale,False,2.05
xtejx5,2022-04-21,google,cpc,summer_sale,False,0.8
n1lfhd,2022-01-12,google,cpm,holiday_season,True,1.5
fbgpgt,2022-04-05,google,cpc,holiday_season,False,0.31
qxkzvm,2022-10-05,google,email,back_to_school,False,1.3
5blo7w,2022-01-10,google,email,back_to_school,True,0.81
9aoxr9,2022-12-30,twitter,cpm,holiday_season,False,1.29
bhpx57,2022-07-09,google,email,holiday_season,False,1.53
8spqrx,2022-06-05,facebook,cpm,summer_sale,False,0.91
t9i8cd,2022-10-03,twitter,cpm,back_to_school,False,0.87
gcwwzt,2022-04-09,google,cpm,summer_sale,True,0.52
96j0ov,2022-02-06,facebook,cpm,holiday_season,False,0.78
59qwxv,2022-08-13,twitter,cpc,back_to_school,False,2.24
g41hvk,2022-12-13,google,cpc,holiday_season,False,1.27
a7w655,2022-11-17,facebook,cpc,back_to_school,True,1.16
rtx71y,2022-06-01,google,email,summer_sale,False,1.02
k8us7i,2022-07-18,twitter,email,back_to_school,True,2.35
75livs,2022-01-20,facebook,cpc,summer_sale,False,1.14
7p2bo2,2022-09-12,twitter,cpc,holiday_season,False,2.37
uvjw0h,2022-04-18,google,cpc,holiday_season,False,2.2
c90n8f,2022-10-14,twitter,cpc,summer_sale,True,1.64
y0q7wt,2022-02-02,google,cpc,holiday_season,False,0.28
e3buy6,2022-11-14,twitter,email,summer_sale,False,1.24
ngibi5,2022-06-04,google,email,back_to_school,False,1.35
8pg37z,2022-11-11,google,email,holiday_season,True,1.08
nb5xav,2022-06-29,twitter,cpm,summer_sale,False,2.27
9zmd6d,2022-03-26,facebook,email,summer_sale,False,0.08
n8u0l1,2022-03-03,facebook,cpm,holiday_season,False,0.72
6qsv42,2022-11-12,facebook,email,holiday_season,False,2.49
4l991u,2022-08-10,google,cpc,back_to_school,False,0.65
7k2s3k,2022-04-13,google,cpc,summer_sale,False,0.43
4ns9lm,2022-07-15,google,cpm,summer_sale,False,1.71
ku3bfg,2022-01-05,google,cpm,back_to_school,True,0.56
9m1wih,2022-11-28,google,cpc,back_to_school,True,1.68
bdj9s7,2022-10-14,facebook,email,back_to_school,False,0.21
ywiaz1,2022-09-06,twitter,email,back_to_school,False,1.23
kqk4sy,2022-09-12,facebook,cpc,back_to_school,True,2.29
t38ehf,2022-05-11,twitter,email,back_to_school,False,1.47
rfycjv,2022-10-04,twitter,email,holiday_season,False,1.17
18e8sd,2022-11-16,google,cpc,summer_sale,True,1.69
a2d2ap,2022-10-15,facebook,cpc,holiday_season,False,1.32
f73f3i,2022-08-19,facebook,cpm,back_to_school,True,1.42
hx29qh,2022-10-21,facebook,cpm,holiday_season,True,0.29
w3psiu,2022-05-13,google,email,back_to_school,False,2.33
2012ak,2022-06-01,google,cpm,summer_sale,False,2.02
1yzx03,2022-03-18,twitter,email,holiday_season,False,2.15
pm9lhi,2022-09-16,twitter,cpc,summer_sale,True,0.67
tzbpee,2022-03-31,google,email,holiday_season,False,0.16
w6qy6t,2022-02-21,google,cpc,back_to_school,False,2.39
ulp5ce,2022-05-23,facebook,cpc,holiday_season,False,0.99
ngdy1q,2022-04-10,facebook,email,back_to_school,False,2.16
ww2886,2022-08-09,twitter,cpc,holiday_season,False,0.31
lzafvo,2022-03-31,facebook,cpc,back_to_school,False,1.73
yr7vhh,2022-01-16,twitter,cpc,holiday_season,False,1.2
scn9vr,2022-05-07,facebook,cpc,back_to_school,False,0.92
rqddjs,2022-04-24,facebook,cpm,back_to_school,False,0.84
thglql,2022-08-31,facebook,cpm,back_to_school,False,2.1
n8uar7,2022-12-05,twitter,email,summer_sale,False,2.25
cu0cw5,2022-07-24,facebook,email,back_to_school,False,2.25
f1q6s0,2022-12-18,facebook,cpc,back_to_school,False,2.17
q0d5jg,2022-09-19,twitter,cpm,holiday_season,False,0.25
mkekxe,2022-06-30,google,email,holiday_season,False,1.42
v0tz77,2022-05-25,google,cpc,summer_sale,False,0.46
ehyktr,2022-09-02,google,cpc,holiday_season,True,1.31
dy71wl,2022-08-28,twitter,cpc,summer_sale,False,1.87
tvuip3,2022-11-07,google,email,summer_sale,False,1.24
lxmy0p,2022-09-07,facebook,cpm,summer_sale,False,0.63
3z9lb1,2022-04-03,twitter,cpm,summer_sale,True,0.65
qsz0nq,2022-12-07,twitter,cpc,summer_sale,False,1.46
0r2adf,2022-07-09,facebook,cpc,back_to_school,False,0.56
h9katk,2022-02-23,facebook,cpc,summer_sale,False,0.01
kd71b6,2022-12-22,google,cpm,back_to_school,False,2.27
aa9sk6,2022-04-05,google,email,holiday_season,False,0.45
hrj3gz,2022-07-31,google,email,back_to_school,False,0.16
efr188,2022-12-12,facebook,cpc,holiday_season,True,0.93
brakaz,2022-07-03,twitter,cpc,holiday_season,False,2.07
rvdmf4,2022-05-10,google,cpc,summer_sale,False,2.12
pezg0v,2022-10-16,google,cpc,back_to_school,False,1.83
fq0vld,2022-04-02,facebook,email,summer_sale,False,1.79
bgfhdk,2022-03-04,facebook,cpc,back_to_school,False,1.52
g9cn4w,2022-05-18,facebook,email,holiday_season,False,0.61
1en5x0,2022-05-01,google,cpm,back_to_school,False,0.14
a9pqtn,2022-04-19,twitter,email,summer_sale,False,0.53
c030ch,2022-06-15,twitter,cpm,back_to_school,False,1.54
r247re,2022-01-16,google,cpc,back_to_school,False,1.53
ys38ai,2022-01-06,twitter,cpm,summer_sale,False,0.79
cuzgcd,2022-04-06,facebook,cpm,back_to_school,False,0.46
a2z8d8,2022-08-15,google,cpc,holiday_season,False,0.74
v1g4n9,2022-11-11,twitter,cpc,back_to_school,False,1.41
woth2n,2022-09-16,facebook,cpc,holiday_season,False,2.37
v6fz7j,2022-01-07,google,cpc,back_to_school,False,1.24
dryj8f,2022-02-16,twitter,email,summer_sale,False,1.82
ik503b,2022-04-26,google,cpm,holiday_season,True,0.4
mhp38u,2022-04-06,google,cpc,holiday_season,False,1.54
qvy97c,2022-01-08,twitter,cpc,summer_sale,False,1.64
gh1qwe,2022-08-26,twitter,cpc,holiday_season,False,1.86
jx9050,2022-10-11,twitter,cpc,back_to_school,False,0.81
pipmv7,2022-10-14,google,cpc,summer_sale,False,2.5
bwbimi,2022-09-10,google,cpm,summer_sale,False,2.18
qq4qc3,2022-08-18,twitter,cpc,back_to_school,False,2.17
171yet,2022-04-24,twitter,email,holiday_season,False,0.47
jfpwgb,2022-11-23,google,cpc,back_to_school,False,0.65
urfwad,2022-04-01,google,email,holiday_season,True,0.43
z0qi64,2022-05-28,google,cpc,holiday_season,False,1.84
73frdv,2022-02-13,twitter,cpc,back_to_school,False,1.14
gsrbpw,2022-01-20,twitter,cpc,back_to_school,False,0.65
a5x3r4,2022-04-10,google,cpc,holiday_season,False,1.97
3wvcsf,2022-11-01,twitter,cpc,summer_sale,False,0.81
kbm9io,2022-11-14,google,cpm,summer_sale,False,1.04
gs9lcn,2022-05-30,google,email,back_to_school,False,1.67
a5s7yu,2022-09-25,twitter,cpc,holiday_season,False,2.39
e2rlm5,2022-10-26,facebook,cpc,holiday_season,True,0.1
h7zg6x,2022-09-23,twitter,cpm,back_to_school,False,0.38
09gmqu,2022-03-20,twitter,cpc,back_to_school,False,1.55
q5jxqs,2022-02-13,facebook,cpc,holiday_season,False,1.43
ghugr5,2022-04-22,twitter,cpm,summer_sale,False,2.06
wciw4d,2022-11-11,google,email,holiday_season,False,1.63
iovnki,2022-04-06,google,cpc,summer_sale,False,1.72
vfg2h9,2022-08-04,facebook,cpm,holiday_season,False,0.75
ssi90f,2022-01-01,facebook,cpm,summer_sale,False,1.24
4r85um,2022-06-14,twitter,email,summer_sale,True,0.6
x1vi93,2022-06-17,google,email,holiday_season,False,0.28
qbpdr9,2022-12-28,twitter,cpc,holiday_season,True,1.62
0yaj0h,2022-01-22,google,email,summer_sale,False,1.95
yw651s,2022-08-12,twitter,email,back_to_school,True,2.07
dohza0,2022-11-05,facebook,email,summer_sale,False,1.86
tf0kvp,2022-11-11,facebook,cpc,summer_sale,False,0.99
hlxecl,2022-10-22,google,cpc,back_to_school,False,1.14
tg6qmi,2022-01-22,twitter,cpm,summer_sale,False,0.37
cgeuzw,2022-04-30,facebook,email,back_to_school,True,1.8
wguysb,2022-06-28,google,cpm,summer_sale,False,1.36
m9euhl,2022-10-30,facebook,email,holiday_season,False,1.44
ce0bol,2022-01-05,facebook,cpm,back_to_school,False,1.16
4qikjx,2022-01-31,twitter,cpc,back_to_school,False,1.76
x1xcx1,2022-01-16,google,cpc,holiday_season,False,2.19
e9aoqg,2022-09-20,twitter,cpc,summer_sale,False,0.9
m73as6,2022-06-09,twitter,cpm,summer_sale,False,0.51
tzn68y,2022-07-04,twitter,email,holiday_season,False,2.14
5nexi4,2022-02-23,twitter,cpc,holiday_season,False,0.18
7utjwo,2022-02-19,twitter,cpc,summer_sale,False,0.98
g4wp0j,2022-06-02,google,cpm,back_to_school,False,0.57
a7vhy2,2022-07-14,google,cpc,back_to_school,False,1.89
fofdlr,2022-11-04,twitter,cpm,holiday_season,True,0.02
uykezx,2022-04-14,facebook,cpm,summer_sale,False,2.4
g6k6vr,2022-07-01,facebook,cpm,summer_sale,False,0.81
yj3r7d,2022-03-05,facebook,cpm,summer_sale,False,0.35
3wrjjf,2022-09-14,google,cpc,summer_sale,False,1.06
iftizd,2022-12-19,google,email,back_to_school,False,2.32
l83urx,2022-07-20,facebook,cpm,summer_sale,False,0.87
xkvxoa,2022-10-16,facebook,cpc,holiday_season,False,0.23
pjmo6t,2022-02-17,google,cpc,back_to_school,False,0.83
070luu,2022-11-02,facebook,cpc,back_to_school,False,1.91
knzt2q,2022-02-22,google,cpm,back_to_school,True,2.35
q3uy48,2022-10-17,twitter,cpc,back_to_school,False,2.2
ql1zum,2022-07-07,google,cpc,back_to_school,False,2.48
e7qyzu,2022-01-15,twitter,cpm,holiday_season,False,0.48
ck4hxp,2022-09-04,twitter,cpm,summer_sale,False,1.17
6xbrm1,2022-08-11,google,cpm,back_to_school,False,0.1
jjyxlm,2022-05-06,facebook,email,back_to_school,False,0.53
tfanw7,2022-05-11,google,cpm,summer_sale,False,0.85
ran6dg,2022-07-07,google,cpc,back_to_school,False,0.4
j27lz9,2022-04-23,google,email,back_to_school,True,0.1
a219mb,2022-05-01,facebook,cpc,summer_sale,False,0.73
tr11es,2022-08-07,google,cpm,holiday_season,False,0.17
u057nb,2022-10-16,facebook,cpc,back_to_school,False,1.66
22iuuz,2022-01-25,twitter,cpc,summer_sale,False,0.82
u6yss9,2022-12-17,google,cpm,summer_sale,False,2.0
r1vqpj,2022-02-16,google,cpm,back_to_school,True,1.42
gaig3x,2022-08-25,facebook,email,back_to_school,False,0.06
a2whrr,2022-10-08,twitter,cpc,summer_sale,False,0.49
cljboc,2022-08-07,facebook,email,holiday_season,False,1.68
bb8lpo,2022-06-09,google,email,summer_sale,False,0.62
184cko,2022-12-31,facebook,cpc,summer_sale,False,0.29
n0z9y1,2022-06-23,facebook,cpc,summer_sale,False,2.14
ftz8ni,2022-10-24,google,cpc,summer_sale,False,0.61
nlbt51,2022-07-21,facebook,email,holiday_season,False,1.25
0u4x44,2022-11-15,google,cpm,summer_sale,False,1.34
b2e9b8,2022-06-04,twitter,cpm,holiday_season,False,2.15
54sk23,2022-03-01,google,cpc,holiday_season,False,0.87
nig7dk,2022-09-17,google,cpc,holiday_season,False,1.31
cb2ruu,2022-01-25,facebook,email,back_to_school,True,0.24
pxwhck,2022-01-17,facebook,cpc,summer_sale,True,0.71
ai7h4b,2022-02-21,facebook,email,holiday_season,False,0.39
z7a347,2022-02-09,twitter,email,back_to_school,False,1.23
l9y20u,2022-12-17,facebook,cpc,summer_sale,False,0.53
017e7j,2022-08-19,twitter,cpc,holiday_season,False,1.6
g139ya,2022-04-15,google,cpm,back_to_school,True,0.42
3u7206,2022-11-10,google,email,summer_sale,False,1.58
nge54y,2022-01-09,google,email,holiday_season,False,0.73
iyh1z4,2022-04-10,google,cpc,holiday_season,False,0.91
16bbl0,2022-12-22,facebook,cpm,back_to_school,False,2.1
tev1ic,2022-12-24,facebook,cpm,summer_sale,False,0.73
d5k9k7,2022-11-22,twitter,cpc,summer_sale,False,0.52
20ca14,2022-12-13,twitter,cpm,holiday_season,False,0.08
zrbcqe,2022-04-02,facebook,email,summer_sale,True,0.5
6z7dne,2022-03-15,facebook,cpc,back_to_school,False,0.12
3eazuu,2022-10-01,twitter,cpm,summer_sale,False,0.58
m60lwv,2022-07-11,google,email,summer_sale,False,1.7
i94tqc,2022-10-10,facebook,cpc,summer_sale,False,2.13
omad1f,2022-11-26,twitter,cpm,summer_sale,False,1.93
3apx0d,2022-05-25,twitter,cpm,holiday_season,False,1.36
8is0ho,2022-11-24,twitter,cpm,back_to_school,False,2.17
illjdh,2022-10-31,facebook,cpc,holiday_season,False,2.35
3s9mn9,2022-02-17,twitter,email,holiday_season,False,0.51
9zrw40,2022-12-01,twitter,cpm,summer_sale,False,1.63
m15g06,2022-03-01,twitter,email,summer_sale,False,1.94
0rny5x,2022-06-11,facebook,cpc,summer_sale,False,1.85
l8yge3,2022-01-29,facebook,cpm,summer_sale,False,0.26
4nhj9m,2022-04-05,facebook,email,back_to_school,False,2.13
t8jvbj,2022-03-03,facebook,email,back_to_school,False,0.32
rdprgk,2022-07-01,facebook,cpc,summer_sale,False,0.67
6jaf21,2022-06-02,google,cpc,holiday_season,False,0.09
7eon8v,2022-09-29,twitter,cpc,summer_sale,False,1.05
eoell2,2022-08-25,twitter,email,back_to_school,False,2.29
3xogjv,2022-01-12,twitter,cpc,back_to_school,False,0.12
1uztak,2022-08-24,google,cpm,back_to_school,True,0.62
ecu16c,2022-10-30,facebook,email,back_to_school,False,0.64
l7ydvd,2022-07-10,twitter,email,back_to_school,True,2.39
ujkzxu,2022-12-22,twitter,cpc,holiday_season,False,1.78
9ecj9i,2022-06-23,google,cpm,holiday_season,False,1.38
i3bbsg,2022-01-03,facebook,cpc,holiday_season,False,0.33
z4yywe,2022-05-06,twitter,email,holiday_season,False,0.48
m4mwfl,2022-01-26,facebook,cpm,holiday_season,False,0.1
7428i0,2022-05-25,twitter,cpc,summer_sale,False,0.57
tvrvim,2022-02-17,facebook,cpc,back_to_school,False,0.04
ux2eo7,2022-10-11,facebook,cpc,back_to_school,False,0.42
u1r2k7,2022-07-05,twitter,email,holiday_season,False,0.23
3w2z0l,2022-06-03,twitter,cpm,back_to_school,False,0.88
k2hfg4,2022-05-10,google,email,holiday_season,False,2.19
6ylonj,2022-09-28,google,cpc,holiday_season,False,0.84
4crnpc,2022-12-21,facebook,email,back_to_school,True,1.93
t1hrj2,2022-10-31,facebook,cpm,holiday_season,False,0.92
9hqhn9,2022-04-10,google,cpc,holiday_season,False,0.5
ra8lan,2022-06-02,facebook,email,back_to_school,False,2.4
vlimh6,2022-01-09,twitter,cpc,holiday_season,True,0.25
q8214d,2022-10-02,google,cpc,back_to_school,False,1.25
9zv5sz,2022-05-16,twitter,cpm,back_to_school,False,2.09
c5qjr4,2022-09-22,twitter,cpc,summer_sale,False,1.54
np357t,2022-05-27,facebook,cpc,summer_sale,False,1.1
ivn2ws,2022-09-13,facebook,cpc,summer_sale,False,0.91
d2h2el,2022-02-06,twitter,cpc,holiday_season,False,1.45
d1cch0,2022-12-27,facebook,cpm,holiday_season,False,0.52
8kakca,2022-09-17,twitter,cpc,back_to_school,False,0.01
px2x3j,2022-09-19,twitter,cpc,back_to_school,True,0.63
q2dqit,2022-09-29,facebook,cpc,summer_sale,False,0.85
nxz6kd,2022-10-11,twitter,cpc,back_to_school,False,0.84
c3z3lm,2022-01-07,google,cpc,back_to_school,False,1.29
2kdjvq,2022-04-02,facebook,email,back_to_school,False,0.44
0xf51q,2022-03-20,twitter,cpc,back_to_school,False,0.92
t8cgb7,2022-05-11,twitter,cpm,summer_sale,False,2.26
eq6aqk,2022-01-09,google,email,back_to_school,False,1.39
am6u0j,2022-09-11,twitter,cpm,holiday_season,False,1.92
b7do87,2022-01-16,twitter,cpm,summer_sale,False,2.08
n7z3hu,2022-07-22,twitter,email,summer_sale,False,2.11
ac0jmu,2022-04-10,facebook,cpm,holiday_season,False,1.45
29q5r6,2022-12-24,google,email,back_to_school,True,0.54
3jrjjj,2022-12-22,twitter,email,holiday_season,False,1.3
705v8h,2022-10-11,twitter,cpc,back_to_school,False,0.4
vahwud,2022-11-13,facebook,email,back_to_school,False,2.01
6hmv6g,2022-06-28,google,cpm,back_to_school,False,0.37
pnjkjk,2022-12-13,twitter,cpm,summer_sale,False,0.46
uckjnd,2022-10-11,twitter,email,back_to_school,False,0.51
jc790b,2022-01-06,google,cpm,holiday_season,False,0.65
n6fnwr,2022-09-01,facebook,email,back_to_school,False,0.17
dn9ju9,2022-04-21,facebook,email,summer_sale,False,1.9
i6ywck,2022-05-07,twitter,cpm,summer_sale,False,0.65
4n71d1,2022-07-07,google,cpc,back_to_school,False,1.39
v200ot,2022-12-12,google,cpc,back_to_school,False,1.18
0ity7j,2022-05-19,twitter,cpm,back_to_school,False,0.46
j0czav,2022-09-01,google,cpm,summer_sale,False,1.97
hml7t3,2022-05-27,twitter,cpc,back_to_school,False,2.36
wlqjqh,2022-12-09,facebook,cpc,summer_sale,False,0.4
qwgctv,2022-10-12,google,cpc,back_to_school,False,0.03
17zm7i,2022-08-29,google,cpm,summer_sale,False,0.54
7qzt2i,2022-10-11,google,cpc,back_to_school,False,0.99
92bbgb,2022-01-05,twitter,cpm,back_to_school,False,1.84
vuzq08,2022-02-11,facebook,cpm,holiday_season,False,1.29
owmk8h,2022-07-21,google,email,summer_sale,False,1.15
zfy0c5,2022-07-20,twitter,cpc,summer_sale,True,1.78
szsxp8,2022-02-24,google,cpm,back_to_school,False,2.01
hisaqt,2022-09-19,google,email,back_to_school,False,2.44
yq5xo7,2022-06-14,twitter,cpc,holiday_season,False,1.76
0od0yn,2022-05-12,google,cpc,back_to_school,False,1.57
gqo98u,2022-07-15,twitter,cpc,holiday_season,False,0.61
680687,2022-10-29,facebook,cpm,summer_sale,False,0.52
gdhnjs,2022-04-18,twitter,email,holiday_season,True,1.38
hht392,2022-11-02,twitter,cpc,back_to_school,False,0.81
zf2067,2022-05-03,twitter,cpc,summer_sale,True,0.59
vkxn7m,2022-12-30,google,cpm,holiday_season,False,1.26
hs54r6,2022-07-19,google,cpm,back_to_school,False,1.56
p7neln,2022-08-02,facebook,cpm,back_to_school,False,1.13
nf7e9g,2022-12-08,google,cpc,summer_sale,False,0.29
atfeqy,2022-04-12,facebook,cpc,back_to_school,False,0.69
h5y358,2022-11-05,google,cpc,summer_sale,False,1.91
czlu3c,2022-05-19,google,cpm,summer_sale,False,1.99
pdsebi,2022-03-24,google,cpc,summer_sale,True,2.29
i01nwt,2022-10-18,google,cpm,holiday_season,True,2.47
utocl2,2022-10-06,facebook,cpc,summer_sale,False,1.66
ifz9fy,2022-04-08,google,cpm,holiday_season,True,2.34
cmn2nr,2022-07-29,google,email,holiday_season,False,1.25
sxxvfn,2022-12-13,twitter,cpc,back_to_school,False,0.9
bfv67g,2022-01-31,twitter,cpc,summer_sale,False,0.34
hpjcz2,2022-03-05,facebook,cpm,back_to_school,False,0.32
r1k0ou,2022-10-30,google,cpc,back_to_school,False,0.99